Student,label,Time,Item,Rating
1,prediction,0,1,5
1,prediction,0,2,6
1,prediction,0,3,6
1,prediction,0,4,3
1,prediction,0,5,6
2,prediction,0,1,3
2,prediction,0,2,5
2,prediction,0,3,2
2,prediction,0,4,1
2,prediction,0,5,4
3,prediction,0,1,6
3,prediction,0,2,3
3,prediction,0,3,4
3,prediction,0,4,6
3,prediction,0,5,4
4,prediction,0,1,6
4,prediction,0,2,5
4,prediction,0,3,6
4,prediction,0,4,4
4,prediction,0,5,4
5,prediction,0,1,3
5,prediction,0,2,2
5,prediction,0,3,5
5,prediction,0,4,1
5,prediction,0,5,4
6,prediction,0,1,4
6,prediction,0,2,3
6,prediction,0,3,5
6,prediction,0,4,1
6,prediction,0,5,3
7,prediction,0,1,4
7,prediction,0,2,5
7,prediction,0,3,5
7,prediction,0,4,6
7,prediction,0,5,6
8,prediction,0,1,5
8,prediction,0,2,6
8,prediction,0,3,6
8,prediction,0,4,4
8,prediction,0,5,5
9,prediction,0,1,3
9,prediction,0,2,1
9,prediction,0,3,5
9,prediction,0,4,5
9,prediction,0,5,4
10,prediction,0,1,6
10,prediction,0,2,6
10,prediction,0,3,6
10,prediction,0,4,1
10,prediction,0,5,6
11,prediction,0,1,6
11,prediction,0,2,5
11,prediction,0,3,6
11,prediction,0,4,3
11,prediction,0,5,5
12,prediction,0,1,3
12,prediction,0,2,5
12,prediction,0,3,5
12,prediction,0,4,4
12,prediction,0,5,3
13,prediction,0,1,4
13,prediction,0,2,4
13,prediction,0,3,3
13,prediction,0,4,3
13,prediction,0,5,4
14,prediction,0,1,5
14,prediction,0,2,5
14,prediction,0,3,3
14,prediction,0,4,4
14,prediction,0,5,3
15,prediction,0,1,6
15,prediction,0,2,6
15,prediction,0,3,3
15,prediction,0,4,6
15,prediction,0,5,3
16,prediction,0,1,3
16,prediction,0,2,5
16,prediction,0,3,4
16,prediction,0,4,2
16,prediction,0,5,3
17,prediction,0,1,3
17,prediction,0,2,4
17,prediction,0,3,6
17,prediction,0,4,6
17,prediction,0,5,4
18,prediction,0,1,2
18,prediction,0,2,4
18,prediction,0,3,3
18,prediction,0,4,3
18,prediction,0,5,5
19,prediction,0,1,2
19,prediction,0,2,5
19,prediction,0,3,4
19,prediction,0,4,6
19,prediction,0,5,2
20,prediction,0,1,2
20,prediction,0,2,2
20,prediction,0,3,6
20,prediction,0,4,1
20,prediction,0,5,5
21,prediction,0,1,3
21,prediction,0,2,3
21,prediction,0,3,2
21,prediction,0,4,4
21,prediction,0,5,4
22,prediction,0,1,4
22,prediction,0,2,3
22,prediction,0,3,2
22,prediction,0,4,5
22,prediction,0,5,5
1,prediction,1,1,4
1,prediction,1,2,3
1,prediction,1,3,3
1,prediction,1,4,5
1,prediction,1,5,6
2,prediction,1,1,4
2,prediction,1,2,3
2,prediction,1,3,2
2,prediction,1,4,6
2,prediction,1,5,6
3,prediction,1,1,6
3,prediction,1,2,6
3,prediction,1,3,4
3,prediction,1,4,6
3,prediction,1,5,6
4,prediction,1,1,5
4,prediction,1,2,4
4,prediction,1,3,4
4,prediction,1,4,5
4,prediction,1,5,6
5,prediction,1,1,2
5,prediction,1,2,3
5,prediction,1,3,2
5,prediction,1,4,2
5,prediction,1,5,6
6,prediction,1,1,2
6,prediction,1,2,2
6,prediction,1,3,3
6,prediction,1,4,4
6,prediction,1,5,6
7,prediction,1,1,6
7,prediction,1,2,5
7,prediction,1,3,4
7,prediction,1,4,5
7,prediction,1,5,6
8,prediction,1,1,5
8,prediction,1,2,5
8,prediction,1,3,5
8,prediction,1,4,6
8,prediction,1,5,6
9,prediction,1,1,3
9,prediction,1,2,5
9,prediction,1,3,4
9,prediction,1,4,5
9,prediction,1,5,6
10,prediction,1,1,5
10,prediction,1,2,6
10,prediction,1,3,6
10,prediction,1,4,6
10,prediction,1,5,6
11,prediction,1,1,6
11,prediction,1,2,5
11,prediction,1,3,5
11,prediction,1,4,5
11,prediction,1,5,6
12,prediction,1,1,4
12,prediction,1,2,2
12,prediction,1,3,3
12,prediction,1,4,4
12,prediction,1,5,3
13,prediction,1,1,4
13,prediction,1,2,4
13,prediction,1,3,3
13,prediction,1,4,3
13,prediction,1,5,3
14,prediction,1,1,5
14,prediction,1,2,2
14,prediction,1,3,5
14,prediction,1,4,1
14,prediction,1,5,4
15,prediction,1,1,6
15,prediction,1,2,6
15,prediction,1,3,6
15,prediction,1,4,3
15,prediction,1,5,6
16,prediction,1,1,5
16,prediction,1,2,5
16,prediction,1,3,5
16,prediction,1,4,6
16,prediction,1,5,5
17,prediction,1,1,3
17,prediction,1,2,3
17,prediction,1,3,6
17,prediction,1,4,2
17,prediction,1,5,3
18,prediction,1,1,4
18,prediction,1,2,2
18,prediction,1,3,6
18,prediction,1,4,1
18,prediction,1,5,3
19,prediction,1,1,4
19,prediction,1,2,2
19,prediction,1,3,4
19,prediction,1,4,2
19,prediction,1,5,2
20,prediction,1,1,6
20,prediction,1,2,6
20,prediction,1,3,3
20,prediction,1,4,6
20,prediction,1,5,6
21,prediction,1,1,1
21,prediction,1,2,1
21,prediction,1,3,6
21,prediction,1,4,6
21,prediction,1,5,2
22,prediction,1,1,4
22,prediction,1,2,5
22,prediction,1,3,5
22,prediction,1,4,4
22,prediction,1,5,5
1,summaries,0,6,5
1,summaries,0,7,6
1,summaries,0,8,5
1,summaries,0,9,6
1,summaries,0,10,5
2,summaries,0,6,6
2,summaries,0,7,1
2,summaries,0,8,6
2,summaries,0,9,4
2,summaries,0,10,6
3,summaries,0,6,5
3,summaries,0,7,3
3,summaries,0,8,6
3,summaries,0,9,2
3,summaries,0,10,6
4,summaries,0,6,4
4,summaries,0,7,4
4,summaries,0,8,5
4,summaries,0,9,4
4,summaries,0,10,5
5,summaries,0,6,4
5,summaries,0,7,3
5,summaries,0,8,4
5,summaries,0,9,1
5,summaries,0,10,5
6,summaries,0,6,5
6,summaries,0,7,3
6,summaries,0,8,5
6,summaries,0,9,3
6,summaries,0,10,6
7,summaries,0,6,4
7,summaries,0,7,6
7,summaries,0,8,5
7,summaries,0,9,4
7,summaries,0,10,2
8,summaries,0,6,6
8,summaries,0,7,2
8,summaries,0,8,6
8,summaries,0,9,2
8,summaries,0,10,6
9,summaries,0,6,4
9,summaries,0,7,6
9,summaries,0,8,4
9,summaries,0,9,5
9,summaries,0,10,5
10,summaries,0,6,4
10,summaries,0,7,3
10,summaries,0,8,4
10,summaries,0,9,2
10,summaries,0,10,4
11,summaries,0,6,3
11,summaries,0,7,5
11,summaries,0,8,4
11,summaries,0,9,2
11,summaries,0,10,4
12,summaries,0,6,1
12,summaries,0,7,5
12,summaries,0,8,5
12,summaries,0,9,2
12,summaries,0,10,5
13,summaries,0,6,2
13,summaries,0,7,4
13,summaries,0,8,4
13,summaries,0,9,3
13,summaries,0,10,4
14,summaries,0,6,1
14,summaries,0,7,5
14,summaries,0,8,6
14,summaries,0,9,3
14,summaries,0,10,3
15,summaries,0,6,3
15,summaries,0,7,2
15,summaries,0,8,6
15,summaries,0,9,5
15,summaries,0,10,6
16,summaries,0,6,3
16,summaries,0,7,4
16,summaries,0,8,6
16,summaries,0,9,4
16,summaries,0,10,5
17,summaries,0,6,6
17,summaries,0,7,4
17,summaries,0,8,4
17,summaries,0,9,6
17,summaries,0,10,6
18,summaries,0,6,6
18,summaries,0,7,3
18,summaries,0,8,6
18,summaries,0,9,6
18,summaries,0,10,3
19,summaries,0,6,2
19,summaries,0,7,1
19,summaries,0,8,4
19,summaries,0,9,6
19,summaries,0,10,6
20,summaries,0,6,6
20,summaries,0,7,6
20,summaries,0,8,6
20,summaries,0,9,4
20,summaries,0,10,6
21,summaries,0,6,1
21,summaries,0,7,1
21,summaries,0,8,6
21,summaries,0,9,6
21,summaries,0,10,4
22,summaries,0,6,3
22,summaries,0,7,3
22,summaries,0,8,4
22,summaries,0,9,4
22,summaries,0,10,6
1,summaries,1,6,4
1,summaries,1,7,5
1,summaries,1,8,4
1,summaries,1,9,4
1,summaries,1,10,4
2,summaries,1,6,1
2,summaries,1,7,3
2,summaries,1,8,3
2,summaries,1,9,1
2,summaries,1,10,6
3,summaries,1,6,5
3,summaries,1,7,4
3,summaries,1,8,6
3,summaries,1,9,4
3,summaries,1,10,6
4,summaries,1,6,2
4,summaries,1,7,6
4,summaries,1,8,5
4,summaries,1,9,3
4,summaries,1,10,6
5,summaries,1,6,3
5,summaries,1,7,5
5,summaries,1,8,4
5,summaries,1,9,5
5,summaries,1,10,3
6,summaries,1,6,1
6,summaries,1,7,2
6,summaries,1,8,1
6,summaries,1,9,1
6,summaries,1,10,4
7,summaries,1,6,5
7,summaries,1,7,5
7,summaries,1,8,4
7,summaries,1,9,3
7,summaries,1,10,4
8,summaries,1,6,4
8,summaries,1,7,5
8,summaries,1,8,4
8,summaries,1,9,5
8,summaries,1,10,5
9,summaries,1,6,6
9,summaries,1,7,6
9,summaries,1,8,4
9,summaries,1,9,3
9,summaries,1,10,6
10,summaries,1,6,6
10,summaries,1,7,6
10,summaries,1,8,5
10,summaries,1,9,6
10,summaries,1,10,6
11,summaries,1,6,6
11,summaries,1,7,4
11,summaries,1,8,6
11,summaries,1,9,5
11,summaries,1,10,6
12,summaries,1,6,6
12,summaries,1,7,4
12,summaries,1,8,5
12,summaries,1,9,3
12,summaries,1,10,6
13,summaries,1,6,3
13,summaries,1,7,4
13,summaries,1,8,4
13,summaries,1,9,3
13,summaries,1,10,3
14,summaries,1,6,3
14,summaries,1,7,3
14,summaries,1,8,4
14,summaries,1,9,3
14,summaries,1,10,5
15,summaries,1,6,6
15,summaries,1,7,5
15,summaries,1,8,6
15,summaries,1,9,6
15,summaries,1,10,6
16,summaries,1,6,5
16,summaries,1,7,4
16,summaries,1,8,6
16,summaries,1,9,5
16,summaries,1,10,5
17,summaries,1,6,6
17,summaries,1,7,6
17,summaries,1,8,6
17,summaries,1,9,3
17,summaries,1,10,6
18,summaries,1,6,4
18,summaries,1,7,3
18,summaries,1,8,6
18,summaries,1,9,4
18,summaries,1,10,6
19,summaries,1,6,4
19,summaries,1,7,3
19,summaries,1,8,5
19,summaries,1,9,2
19,summaries,1,10,5
20,summaries,1,6,6
20,summaries,1,7,6
20,summaries,1,8,3
20,summaries,1,9,6
20,summaries,1,10,6
21,summaries,1,6,6
21,summaries,1,7,4
21,summaries,1,8,6
21,summaries,1,9,5
21,summaries,1,10,6
22,summaries,1,6,6
22,summaries,1,7,6
22,summaries,1,8,6
22,summaries,1,9,5
22,summaries,1,10,6
1,Speculations,0,11,4
1,Speculations,0,12,6
1,Speculations,0,13,4
1,Speculations,0,14,1
1,Speculations,0,15,3
2,Speculations,0,11,3
2,Speculations,0,12,3
2,Speculations,0,13,5
2,Speculations,0,14,3
2,Speculations,0,15,4
3,Speculations,0,11,5
3,Speculations,0,12,4
3,Speculations,0,13,6
3,Speculations,0,14,1
3,Speculations,0,15,5
4,Speculations,0,11,4
4,Speculations,0,12,3
4,Speculations,0,13,5
4,Speculations,0,14,3
4,Speculations,0,15,4
5,Speculations,0,11,1
5,Speculations,0,12,4
5,Speculations,0,13,4
5,Speculations,0,14,1
5,Speculations,0,15,2
6,Speculations,0,11,2
6,Speculations,0,12,4
6,Speculations,0,13,3
6,Speculations,0,14,2
6,Speculations,0,15,2
7,Speculations,0,11,6
7,Speculations,0,12,4
7,Speculations,0,13,4
7,Speculations,0,14,2
7,Speculations,0,15,5
8,Speculations,0,11,3
8,Speculations,0,12,4
8,Speculations,0,13,5
8,Speculations,0,14,2
8,Speculations,0,15,4
9,Speculations,0,11,4
9,Speculations,0,12,4
9,Speculations,0,13,3
9,Speculations,0,14,1
9,Speculations,0,15,1
10,Speculations,0,11,1
10,Speculations,0,12,2
10,Speculations,0,13,5
10,Speculations,0,14,1
10,Speculations,0,15,4
11,Speculations,0,11,2
11,Speculations,0,12,5
11,Speculations,0,13,4
11,Speculations,0,14,5
11,Speculations,0,15,2
12,Speculations,0,11,1
12,Speculations,0,12,3
12,Speculations,0,13,4
12,Speculations,0,14,5
12,Speculations,0,15,3
13,Speculations,0,11,3
13,Speculations,0,12,3
13,Speculations,0,13,3
13,Speculations,0,14,3
13,Speculations,0,15,3
14,Speculations,0,11,1
14,Speculations,0,12,1
14,Speculations,0,13,2
14,Speculations,0,14,4
14,Speculations,0,15,3
15,Speculations,0,11,2
15,Speculations,0,12,4
15,Speculations,0,13,6
15,Speculations,0,14,5
15,Speculations,0,15,5
16,Speculations,0,11,5
16,Speculations,0,12,3
16,Speculations,0,13,5
16,Speculations,0,14,4
16,Speculations,0,15,3
17,Speculations,0,11,1
17,Speculations,0,12,4
17,Speculations,0,13,6
17,Speculations,0,14,6
17,Speculations,0,15,2
18,Speculations,0,11,1
18,Speculations,0,12,6
18,Speculations,0,13,3
18,Speculations,0,14,4
18,Speculations,0,15,2
19,Speculations,0,11,2
19,Speculations,0,12,4
19,Speculations,0,13,6
19,Speculations,0,14,6
19,Speculations,0,15,5
20,Speculations,0,11,4
20,Speculations,0,12,6
20,Speculations,0,13,3
20,Speculations,0,14,1
20,Speculations,0,15,1
21,Speculations,0,11,1
21,Speculations,0,12,1
21,Speculations,0,13,4
21,Speculations,0,14,4
21,Speculations,0,15,2
22,Speculations,0,11,1
22,Speculations,0,12,4
22,Speculations,0,13,5
22,Speculations,0,14,6
22,Speculations,0,15,5
1,Speculations,1,11,2
1,Speculations,1,12,4
1,Speculations,1,13,4
1,Speculations,1,14,5
1,Speculations,1,15,4
2,Speculations,1,11,1
2,Speculations,1,12,2
2,Speculations,1,13,6
2,Speculations,1,14,6
2,Speculations,1,15,4
3,Speculations,1,11,2
3,Speculations,1,12,4
3,Speculations,1,13,5
3,Speculations,1,14,6
3,Speculations,1,15,2
4,Speculations,1,11,2
4,Speculations,1,12,6
4,Speculations,1,13,5
4,Speculations,1,14,6
4,Speculations,1,15,4
5,Speculations,1,11,1
5,Speculations,1,12,4
5,Speculations,1,13,2
5,Speculations,1,14,2
5,Speculations,1,15,3
6,Speculations,1,11,1
6,Speculations,1,12,1
6,Speculations,1,13,4
6,Speculations,1,14,4
6,Speculations,1,15,1
7,Speculations,1,11,4
7,Speculations,1,12,4
7,Speculations,1,13,6
7,Speculations,1,14,5
7,Speculations,1,15,4
8,Speculations,1,11,2
8,Speculations,1,12,6
8,Speculations,1,13,5
8,Speculations,1,14,6
8,Speculations,1,15,5
9,Speculations,1,11,1
9,Speculations,1,12,4
9,Speculations,1,13,4
9,Speculations,1,14,5
9,Speculations,1,15,2
10,Speculations,1,11,5
10,Speculations,1,12,5
10,Speculations,1,13,6
10,Speculations,1,14,6
10,Speculations,1,15,5
11,Speculations,1,11,3
11,Speculations,1,12,5
11,Speculations,1,13,6
11,Speculations,1,14,6
11,Speculations,1,15,5
12,Speculations,1,11,4
12,Speculations,1,12,4
12,Speculations,1,13,3
12,Speculations,1,14,1
12,Speculations,1,15,2
13,Speculations,1,11,4
13,Speculations,1,12,3
13,Speculations,1,13,4
13,Speculations,1,14,4
13,Speculations,1,15,4
14,Speculations,1,11,2
14,Speculations,1,12,5
14,Speculations,1,13,3
14,Speculations,1,14,1
14,Speculations,1,15,2
15,Speculations,1,11,6
15,Speculations,1,12,6
15,Speculations,1,13,5
15,Speculations,1,14,2
15,Speculations,1,15,6
16,Speculations,1,11,5
16,Speculations,1,12,6
16,Speculations,1,13,6
16,Speculations,1,14,4
16,Speculations,1,15,4
17,Speculations,1,11,2
17,Speculations,1,12,4
17,Speculations,1,13,2
17,Speculations,1,14,1
17,Speculations,1,15,2
18,Speculations,1,11,2
18,Speculations,1,12,5
18,Speculations,1,13,5
18,Speculations,1,14,1
18,Speculations,1,15,3
19,Speculations,1,11,1
19,Speculations,1,12,6
19,Speculations,1,13,2
19,Speculations,1,14,3
19,Speculations,1,15,4
20,Speculations,1,11,3
20,Speculations,1,12,3
20,Speculations,1,13,6
20,Speculations,1,14,6
20,Speculations,1,15,1
21,Speculations,1,11,6
21,Speculations,1,12,6
21,Speculations,1,13,6
21,Speculations,1,14,2
21,Speculations,1,15,6
22,Speculations,1,11,2
22,Speculations,1,12,6
22,Speculations,1,13,4
22,Speculations,1,14,3
22,Speculations,1,15,4
1,recommendations,0,16,2
1,recommendations,0,17,6
1,recommendations,0,18,4
1,recommendations,0,19,4
1,recommendations,0,20,6
2,recommendations,0,16,3
2,recommendations,0,17,6
2,recommendations,0,18,3
2,recommendations,0,19,3
2,recommendations,0,20,6
3,recommendations,0,16,5
3,recommendations,0,17,5
3,recommendations,0,18,4
3,recommendations,0,19,6
3,recommendations,0,20,6
4,recommendations,0,16,4
4,recommendations,0,17,5
4,recommendations,0,18,4
4,recommendations,0,19,5
4,recommendations,0,20,5
5,recommendations,0,16,5
5,recommendations,0,17,2
5,recommendations,0,18,3
5,recommendations,0,19,2
5,recommendations,0,20,4
6,recommendations,0,16,3
6,recommendations,0,17,4
6,recommendations,0,18,5
6,recommendations,0,19,3
6,recommendations,0,20,5
7,recommendations,0,16,3
7,recommendations,0,17,4
7,recommendations,0,18,3
7,recommendations,0,19,5
7,recommendations,0,20,4
8,recommendations,0,16,3
8,recommendations,0,17,6
8,recommendations,0,18,5
8,recommendations,0,19,4
8,recommendations,0,20,6
9,recommendations,0,16,5
9,recommendations,0,17,3
9,recommendations,0,18,4
9,recommendations,0,19,4
9,recommendations,0,20,6
10,recommendations,0,16,4
10,recommendations,0,17,3
10,recommendations,0,18,5
10,recommendations,0,19,6
10,recommendations,0,20,4
11,recommendations,0,16,5
11,recommendations,0,17,4
11,recommendations,0,18,6
11,recommendations,0,19,5
11,recommendations,0,20,4
12,recommendations,0,16,1
12,recommendations,0,17,3
12,recommendations,0,18,4
12,recommendations,0,19,4
12,recommendations,0,20,1
13,recommendations,0,16,3
13,recommendations,0,17,6
13,recommendations,0,18,6
13,recommendations,0,19,4
13,recommendations,0,20,1
14,recommendations,0,16,4
14,recommendations,0,17,2
14,recommendations,0,18,6
14,recommendations,0,19,3
14,recommendations,0,20,4
15,recommendations,0,16,5
15,recommendations,0,17,3
15,recommendations,0,18,5
15,recommendations,0,19,4
15,recommendations,0,20,4
16,recommendations,0,16,4
16,recommendations,0,17,4
16,recommendations,0,18,3
16,recommendations,0,19,5
16,recommendations,0,20,3
17,recommendations,0,16,4
17,recommendations,0,17,3
17,recommendations,0,18,6
17,recommendations,0,19,6
17,recommendations,0,20,2
18,recommendations,0,16,2
18,recommendations,0,17,1
18,recommendations,0,18,4
18,recommendations,0,19,5
18,recommendations,0,20,1
19,recommendations,0,16,6
19,recommendations,0,17,2
19,recommendations,0,18,6
19,recommendations,0,19,6
19,recommendations,0,20,1
20,recommendations,0,16,6
20,recommendations,0,17,6
20,recommendations,0,18,1
20,recommendations,0,19,1
20,recommendations,0,20,6
21,recommendations,0,16,1
21,recommendations,0,17,4
21,recommendations,0,18,4
21,recommendations,0,19,3
21,recommendations,0,20,1
22,recommendations,0,16,3
22,recommendations,0,17,2
22,recommendations,0,18,6
22,recommendations,0,19,6
22,recommendations,0,20,2
1,recommendations,1,16,4
1,recommendations,1,17,3
1,recommendations,1,18,4
1,recommendations,1,19,3
1,recommendations,1,20,2
2,recommendations,1,16,3
2,recommendations,1,17,1
2,recommendations,1,18,2
2,recommendations,1,19,5
2,recommendations,1,20,2
3,recommendations,1,16,5
3,recommendations,1,17,3
3,recommendations,1,18,5
3,recommendations,1,19,6
3,recommendations,1,20,3
4,recommendations,1,16,3
4,recommendations,1,17,4
4,recommendations,1,18,3
4,recommendations,1,19,4
4,recommendations,1,20,3
5,recommendations,1,16,1
5,recommendations,1,17,1
5,recommendations,1,18,5
5,recommendations,1,19,2
5,recommendations,1,20,2
6,recommendations,1,16,2
6,recommendations,1,17,1
6,recommendations,1,18,3
6,recommendations,1,19,3
6,recommendations,1,20,3
7,recommendations,1,16,4
7,recommendations,1,17,4
7,recommendations,1,18,4
7,recommendations,1,19,4
7,recommendations,1,20,3
8,recommendations,1,16,3
8,recommendations,1,17,5
8,recommendations,1,18,6
8,recommendations,1,19,6
8,recommendations,1,20,3
9,recommendations,1,16,3
9,recommendations,1,17,4
9,recommendations,1,18,4
9,recommendations,1,19,3
9,recommendations,1,20,2
10,recommendations,1,16,5
10,recommendations,1,17,5
10,recommendations,1,18,6
10,recommendations,1,19,6
10,recommendations,1,20,2
11,recommendations,1,16,5
11,recommendations,1,17,3
11,recommendations,1,18,6
11,recommendations,1,19,6
11,recommendations,1,20,1
12,recommendations,1,16,2
12,recommendations,1,17,3
12,recommendations,1,18,5
12,recommendations,1,19,2
12,recommendations,1,20,6
13,recommendations,1,16,4
13,recommendations,1,17,4
13,recommendations,1,18,3
13,recommendations,1,19,3
13,recommendations,1,20,3
14,recommendations,1,16,4
14,recommendations,1,17,3
14,recommendations,1,18,3
14,recommendations,1,19,3
14,recommendations,1,20,5
15,recommendations,1,16,6
15,recommendations,1,17,3
15,recommendations,1,18,5
15,recommendations,1,19,6
15,recommendations,1,20,6
16,recommendations,1,16,4
16,recommendations,1,17,5
16,recommendations,1,18,4
16,recommendations,1,19,6
16,recommendations,1,20,4
17,recommendations,1,16,3
17,recommendations,1,17,4
17,recommendations,1,18,3
17,recommendations,1,19,3
17,recommendations,1,20,6
18,recommendations,1,16,2
18,recommendations,1,17,4
18,recommendations,1,18,6
18,recommendations,1,19,4
18,recommendations,1,20,5
19,recommendations,1,16,2
19,recommendations,1,17,5
19,recommendations,1,18,3
19,recommendations,1,19,3
19,recommendations,1,20,4
20,recommendations,1,16,6
20,recommendations,1,17,6
20,recommendations,1,18,3
20,recommendations,1,19,6
20,recommendations,1,20,1
21,recommendations,1,16,4
21,recommendations,1,17,6
21,recommendations,1,18,6
21,recommendations,1,19,6
21,recommendations,1,20,6
22,recommendations,1,16,5
22,recommendations,1,17,6
22,recommendations,1,18,5
22,recommendations,1,19,6
22,recommendations,1,20,6
1,Supplementals,0,21,6
1,Supplementals,0,22,5
1,Supplementals,0,23,5
1,Supplementals,0,24,3
1,Supplementals,0,25,1
2,Supplementals,0,21,2
2,Supplementals,0,22,3
2,Supplementals,0,23,2
2,Supplementals,0,24,1
2,Supplementals,0,25,4
3,Supplementals,0,21,4
3,Supplementals,0,22,2
3,Supplementals,0,23,3
3,Supplementals,0,24,2
3,Supplementals,0,25,6
4,Supplementals,0,21,5
4,Supplementals,0,22,3
4,Supplementals,0,23,3
4,Supplementals,0,24,4
4,Supplementals,0,25,5
5,Supplementals,0,21,4
5,Supplementals,0,22,2
5,Supplementals,0,23,3
5,Supplementals,0,24,2
5,Supplementals,0,25,3
6,Supplementals,0,21,2
6,Supplementals,0,22,1
6,Supplementals,0,23,2
6,Supplementals,0,24,4
6,Supplementals,0,25,1
7,Supplementals,0,21,4
7,Supplementals,0,22,3
7,Supplementals,0,23,5
7,Supplementals,0,24,3
7,Supplementals,0,25,3
8,Supplementals,0,21,4
8,Supplementals,0,22,3
8,Supplementals,0,23,1
8,Supplementals,0,24,1
8,Supplementals,0,25,3
9,Supplementals,0,21,4
9,Supplementals,0,22,2
9,Supplementals,0,23,2
9,Supplementals,0,24,1
9,Supplementals,0,25,6
10,Supplementals,0,21,5
10,Supplementals,0,22,3
10,Supplementals,0,23,2
10,Supplementals,0,24,3
10,Supplementals,0,25,4
11,Supplementals,0,21,6
11,Supplementals,0,22,3
11,Supplementals,0,23,4
11,Supplementals,0,24,4
11,Supplementals,0,25,2
12,Supplementals,0,21,1
12,Supplementals,0,22,1
12,Supplementals,0,23,6
12,Supplementals,0,24,2
12,Supplementals,0,25,3
13,Supplementals,0,21,3
13,Supplementals,0,22,4
13,Supplementals,0,23,3
13,Supplementals,0,24,4
13,Supplementals,0,25,3
14,Supplementals,0,21,2
14,Supplementals,0,22,1
14,Supplementals,0,23,4
14,Supplementals,0,24,3
14,Supplementals,0,25,6
15,Supplementals,0,21,3
15,Supplementals,0,22,2
15,Supplementals,0,23,5
15,Supplementals,0,24,3
15,Supplementals,0,25,6
16,Supplementals,0,21,6
16,Supplementals,0,22,1
16,Supplementals,0,23,5
16,Supplementals,0,24,3
16,Supplementals,0,25,5
17,Supplementals,0,21,4
17,Supplementals,0,22,4
17,Supplementals,0,23,6
17,Supplementals,0,24,3
17,Supplementals,0,25,3
18,Supplementals,0,21,1
18,Supplementals,0,22,1
18,Supplementals,0,23,3
18,Supplementals,0,24,1
18,Supplementals,0,25,6
19,Supplementals,0,21,3
19,Supplementals,0,22,6
19,Supplementals,0,23,6
19,Supplementals,0,24,2
19,Supplementals,0,25,5
20,Supplementals,0,21,4
20,Supplementals,0,22,1
20,Supplementals,0,23,3
20,Supplementals,0,24,1
20,Supplementals,0,25,6
21,Supplementals,0,21,1
21,Supplementals,0,22,1
21,Supplementals,0,23,5
21,Supplementals,0,24,1
21,Supplementals,0,25,6
22,Supplementals,0,21,2
22,Supplementals,0,22,3
22,Supplementals,0,23,5
22,Supplementals,0,24,1
22,Supplementals,0,25,6
1,Supplementals,1,21,4
1,Supplementals,1,22,2
1,Supplementals,1,23,4
1,Supplementals,1,24,4
1,Supplementals,1,25,5
2,Supplementals,1,21,3
2,Supplementals,1,22,1
2,Supplementals,1,23,5
2,Supplementals,1,24,2
2,Supplementals,1,25,6
3,Supplementals,1,21,4
3,Supplementals,1,22,2
3,Supplementals,1,23,4
3,Supplementals,1,24,2
3,Supplementals,1,25,6
4,Supplementals,1,21,3
4,Supplementals,1,22,3
4,Supplementals,1,23,4
4,Supplementals,1,24,3
4,Supplementals,1,25,6
5,Supplementals,1,21,4
5,Supplementals,1,22,1
5,Supplementals,1,23,2
5,Supplementals,1,24,3
5,Supplementals,1,25,4
6,Supplementals,1,21,1
6,Supplementals,1,22,1
6,Supplementals,1,23,2
6,Supplementals,1,24,2
6,Supplementals,1,25,2
7,Supplementals,1,21,5
7,Supplementals,1,22,4
7,Supplementals,1,23,4
7,Supplementals,1,24,4
7,Supplementals,1,25,4
8,Supplementals,1,21,3
8,Supplementals,1,22,2
8,Supplementals,1,23,6
8,Supplementals,1,24,4
8,Supplementals,1,25,6
9,Supplementals,1,21,2
9,Supplementals,1,22,1
9,Supplementals,1,23,3
9,Supplementals,1,24,1
9,Supplementals,1,25,6
10,Supplementals,1,21,4
10,Supplementals,1,22,4
10,Supplementals,1,23,6
10,Supplementals,1,24,2
10,Supplementals,1,25,6
11,Supplementals,1,21,6
11,Supplementals,1,22,4
11,Supplementals,1,23,5
11,Supplementals,1,24,6
11,Supplementals,1,25,6
12,Supplementals,1,21,3
12,Supplementals,1,22,1
12,Supplementals,1,23,5
12,Supplementals,1,24,1
12,Supplementals,1,25,3
13,Supplementals,1,21,3
13,Supplementals,1,22,3
13,Supplementals,1,23,2
13,Supplementals,1,24,4
13,Supplementals,1,25,3
14,Supplementals,1,21,2
14,Supplementals,1,22,2
14,Supplementals,1,23,2
14,Supplementals,1,24,3
14,Supplementals,1,25,3
15,Supplementals,1,21,4
15,Supplementals,1,22,2
15,Supplementals,1,23,6
15,Supplementals,1,24,3
15,Supplementals,1,25,6
16,Supplementals,1,21,3
16,Supplementals,1,22,2
16,Supplementals,1,23,6
16,Supplementals,1,24,5
16,Supplementals,1,25,5
17,Supplementals,1,21,4
17,Supplementals,1,22,3
17,Supplementals,1,23,3
17,Supplementals,1,24,2
17,Supplementals,1,25,5
18,Supplementals,1,21,2
18,Supplementals,1,22,3
18,Supplementals,1,23,2
18,Supplementals,1,24,3
18,Supplementals,1,25,2
19,Supplementals,1,21,4
19,Supplementals,1,22,5
19,Supplementals,1,23,5
19,Supplementals,1,24,2
19,Supplementals,1,25,3
20,Supplementals,1,21,6
20,Supplementals,1,22,1
20,Supplementals,1,23,6
20,Supplementals,1,24,1
20,Supplementals,1,25,6
21,Supplementals,1,21,5
21,Supplementals,1,22,1
21,Supplementals,1,23,5
21,Supplementals,1,24,1
21,Supplementals,1,25,4
22,Supplementals,1,21,2
22,Supplementals,1,22,4
22,Supplementals,1,23,4
22,Supplementals,1,24,2
22,Supplementals,1,25,6
1,Support,0,26,1
1,Support,0,27,3
1,Support,0,28,3
1,Support,0,29,1
1,Support,0,30,4
2,Support,0,26,1
2,Support,0,27,3
2,Support,0,28,1
2,Support,0,29,2
2,Support,0,30,1
3,Support,0,26,1
3,Support,0,27,4
3,Support,0,28,2
3,Support,0,29,3
3,Support,0,30,2
4,Support,0,26,3
4,Support,0,27,3
4,Support,0,28,3
4,Support,0,29,4
4,Support,0,30,3
5,Support,0,26,1
5,Support,0,27,1
5,Support,0,28,1
5,Support,0,29,1
5,Support,0,30,1
6,Support,0,26,3
6,Support,0,27,3
6,Support,0,28,3
6,Support,0,29,3
6,Support,0,30,1
7,Support,0,26,3
7,Support,0,27,2
7,Support,0,28,6
7,Support,0,29,4
7,Support,0,30,3
8,Support,0,26,2
8,Support,0,27,3
8,Support,0,28,4
8,Support,0,29,1
8,Support,0,30,2
9,Support,0,26,2
9,Support,0,27,2
9,Support,0,28,2
9,Support,0,29,3
9,Support,0,30,1
10,Support,0,26,1
10,Support,0,27,1
10,Support,0,28,1
10,Support,0,29,1
10,Support,0,30,1
11,Support,0,26,4
11,Support,0,27,4
11,Support,0,28,3
11,Support,0,29,5
11,Support,0,30,3
12,Support,0,26,2
12,Support,0,27,1
12,Support,0,28,1
12,Support,0,29,1
12,Support,0,30,1
13,Support,0,26,1
13,Support,0,27,3
13,Support,0,28,4
13,Support,0,29,3
13,Support,0,30,3
14,Support,0,26,1
14,Support,0,27,2
14,Support,0,28,1
14,Support,0,29,2
14,Support,0,30,1
15,Support,0,26,1
15,Support,0,27,1
15,Support,0,28,1
15,Support,0,29,3
15,Support,0,30,1
16,Support,0,26,1
16,Support,0,27,1
16,Support,0,28,2
16,Support,0,29,2
16,Support,0,30,3
17,Support,0,26,4
17,Support,0,27,2
17,Support,0,28,1
17,Support,0,29,2
17,Support,0,30,4
18,Support,0,26,5
18,Support,0,27,1
18,Support,0,28,6
18,Support,0,29,1
18,Support,0,30,5
19,Support,0,26,3
19,Support,0,27,2
19,Support,0,28,2
19,Support,0,29,3
19,Support,0,30,2
20,Support,0,26,1
20,Support,0,27,1
20,Support,0,28,1
20,Support,0,29,1
20,Support,0,30,1
21,Support,0,26,2
21,Support,0,27,2
21,Support,0,28,3
21,Support,0,29,1
21,Support,0,30,1
22,Support,0,26,5
22,Support,0,27,3
22,Support,0,28,4
22,Support,0,29,1
22,Support,0,30,4
1,Support,1,26,6
1,Support,1,27,6
1,Support,1,28,5
1,Support,1,29,6
1,Support,1,30,6
2,Support,1,26,1
2,Support,1,27,3
2,Support,1,28,2
2,Support,1,29,2
2,Support,1,30,2
3,Support,1,26,1
3,Support,1,27,1
3,Support,1,28,2
3,Support,1,29,1
3,Support,1,30,3
4,Support,1,26,4
4,Support,1,27,3
4,Support,1,28,3
4,Support,1,29,2
4,Support,1,30,6
5,Support,1,26,4
5,Support,1,27,5
5,Support,1,28,4
5,Support,1,29,4
5,Support,1,30,4
6,Support,1,26,1
6,Support,1,27,1
6,Support,1,28,1
6,Support,1,29,1
6,Support,1,30,1
7,Support,1,26,4
7,Support,1,27,6
7,Support,1,28,4
7,Support,1,29,4
7,Support,1,30,6
8,Support,1,26,3
8,Support,1,27,1
8,Support,1,28,4
8,Support,1,29,3
8,Support,1,30,3
9,Support,1,26,1
9,Support,1,27,1
9,Support,1,28,1
9,Support,1,29,1
9,Support,1,30,1
10,Support,1,26,1
10,Support,1,27,2
10,Support,1,28,2
10,Support,1,29,4
10,Support,1,30,2
11,Support,1,26,3
11,Support,1,27,4
11,Support,1,28,4
11,Support,1,29,4
11,Support,1,30,5
12,Support,1,26,1
12,Support,1,27,1
12,Support,1,28,1
12,Support,1,29,1
12,Support,1,30,1
13,Support,1,26,4
13,Support,1,27,4
13,Support,1,28,4
13,Support,1,29,4
13,Support,1,30,4
14,Support,1,26,1
14,Support,1,27,1
14,Support,1,28,2
14,Support,1,29,1
14,Support,1,30,2
15,Support,1,26,4
15,Support,1,27,3
15,Support,1,28,2
15,Support,1,29,2
15,Support,1,30,2
16,Support,1,26,4
16,Support,1,27,4
16,Support,1,28,6
16,Support,1,29,6
16,Support,1,30,6
17,Support,1,26,2
17,Support,1,27,1
17,Support,1,28,3
17,Support,1,29,2
17,Support,1,30,1
18,Support,1,26,5
18,Support,1,27,6
18,Support,1,28,4
18,Support,1,29,4
18,Support,1,30,2
19,Support,1,26,5
19,Support,1,27,6
19,Support,1,28,1
19,Support,1,29,5
19,Support,1,30,2
20,Support,1,26,1
20,Support,1,27,1
20,Support,1,28,1
20,Support,1,29,1
20,Support,1,30,1
21,Support,1,26,3
21,Support,1,27,5
21,Support,1,28,4
21,Support,1,29,5
21,Support,1,30,5
22,Support,1,26,5
22,Support,1,27,5
22,Support,1,28,6
22,Support,1,29,5
22,Support,1,30,4
1,Elaborations,0,31,1
1,Elaborations,0,32,2
1,Elaborations,0,33,1
1,Elaborations,0,34,3
1,Elaborations,0,35,3
2,Elaborations,0,31,4
2,Elaborations,0,32,1
2,Elaborations,0,33,1
2,Elaborations,0,34,1
2,Elaborations,0,35,2
3,Elaborations,0,31,3
3,Elaborations,0,32,1
3,Elaborations,0,33,1
3,Elaborations,0,34,2
3,Elaborations,0,35,3
4,Elaborations,0,31,5
4,Elaborations,0,32,5
4,Elaborations,0,33,5
4,Elaborations,0,34,3
4,Elaborations,0,35,4
5,Elaborations,0,31,3
5,Elaborations,0,32,1
5,Elaborations,0,33,1
5,Elaborations,0,34,2
5,Elaborations,0,35,2
6,Elaborations,0,31,3
6,Elaborations,0,32,1
6,Elaborations,0,33,1
6,Elaborations,0,34,2
6,Elaborations,0,35,3
7,Elaborations,0,31,6
7,Elaborations,0,32,5
7,Elaborations,0,33,5
7,Elaborations,0,34,5
7,Elaborations,0,35,3
8,Elaborations,0,31,4
8,Elaborations,0,32,2
8,Elaborations,0,33,3
8,Elaborations,0,34,2
8,Elaborations,0,35,4
9,Elaborations,0,31,2
9,Elaborations,0,32,2
9,Elaborations,0,33,1
9,Elaborations,0,34,4
9,Elaborations,0,35,2
10,Elaborations,0,31,1
10,Elaborations,0,32,2
10,Elaborations,0,33,6
10,Elaborations,0,34,1
10,Elaborations,0,35,1
11,Elaborations,0,31,4
11,Elaborations,0,32,1
11,Elaborations,0,33,2
11,Elaborations,0,34,2
11,Elaborations,0,35,4
12,Elaborations,0,31,2
12,Elaborations,0,32,2
12,Elaborations,0,33,4
12,Elaborations,0,34,2
12,Elaborations,0,35,1
13,Elaborations,0,31,4
13,Elaborations,0,32,3
13,Elaborations,0,33,3
13,Elaborations,0,34,4
13,Elaborations,0,35,3
14,Elaborations,0,31,3
14,Elaborations,0,32,4
14,Elaborations,0,33,1
14,Elaborations,0,34,1
14,Elaborations,0,35,1
15,Elaborations,0,31,5
15,Elaborations,0,32,4
15,Elaborations,0,33,5
15,Elaborations,0,34,6
15,Elaborations,0,35,5
16,Elaborations,0,31,4
16,Elaborations,0,32,3
16,Elaborations,0,33,4
16,Elaborations,0,34,2
16,Elaborations,0,35,2
17,Elaborations,0,31,3
17,Elaborations,0,32,2
17,Elaborations,0,33,1
17,Elaborations,0,34,2
17,Elaborations,0,35,1
18,Elaborations,0,31,5
18,Elaborations,0,32,2
18,Elaborations,0,33,6
18,Elaborations,0,34,2
18,Elaborations,0,35,4
19,Elaborations,0,31,3
19,Elaborations,0,32,3
19,Elaborations,0,33,1
19,Elaborations,0,34,2
19,Elaborations,0,35,4
20,Elaborations,0,31,1
20,Elaborations,0,32,1
20,Elaborations,0,33,1
20,Elaborations,0,34,1
20,Elaborations,0,35,2
21,Elaborations,0,31,4
21,Elaborations,0,32,5
21,Elaborations,0,33,5
21,Elaborations,0,34,3
21,Elaborations,0,35,2
22,Elaborations,0,31,1
22,Elaborations,0,32,4
22,Elaborations,0,33,4
22,Elaborations,0,34,3
22,Elaborations,0,35,4
1,Elaborations,1,31,3
1,Elaborations,1,32,5
1,Elaborations,1,33,4
1,Elaborations,1,34,6
1,Elaborations,1,35,3
2,Elaborations,1,31,4
2,Elaborations,1,32,5
2,Elaborations,1,33,3
2,Elaborations,1,34,3
2,Elaborations,1,35,6
3,Elaborations,1,31,4
3,Elaborations,1,32,1
3,Elaborations,1,33,3
3,Elaborations,1,34,1
3,Elaborations,1,35,2
4,Elaborations,1,31,3
4,Elaborations,1,32,4
4,Elaborations,1,33,4
4,Elaborations,1,34,2
4,Elaborations,1,35,4
5,Elaborations,1,31,2
5,Elaborations,1,32,4
5,Elaborations,1,33,4
5,Elaborations,1,34,4
5,Elaborations,1,35,3
6,Elaborations,1,31,1
6,Elaborations,1,32,1
6,Elaborations,1,33,1
6,Elaborations,1,34,1
6,Elaborations,1,35,1
7,Elaborations,1,31,4
7,Elaborations,1,32,5
7,Elaborations,1,33,4
7,Elaborations,1,34,4
7,Elaborations,1,35,4
8,Elaborations,1,31,2
8,Elaborations,1,32,5
8,Elaborations,1,33,4
8,Elaborations,1,34,2
8,Elaborations,1,35,3
9,Elaborations,1,31,3
9,Elaborations,1,32,4
9,Elaborations,1,33,4
9,Elaborations,1,34,2
9,Elaborations,1,35,2
10,Elaborations,1,31,2
10,Elaborations,1,32,4
10,Elaborations,1,33,6
10,Elaborations,1,34,6
10,Elaborations,1,35,5
11,Elaborations,1,31,5
11,Elaborations,1,32,6
11,Elaborations,1,33,5
11,Elaborations,1,34,4
11,Elaborations,1,35,6
12,Elaborations,1,31,1
12,Elaborations,1,32,1
12,Elaborations,1,33,1
12,Elaborations,1,34,1
12,Elaborations,1,35,3
13,Elaborations,1,31,3
13,Elaborations,1,32,3
13,Elaborations,1,33,4
13,Elaborations,1,34,3
13,Elaborations,1,35,4
14,Elaborations,1,31,2
14,Elaborations,1,32,1
14,Elaborations,1,33,1
14,Elaborations,1,34,2
14,Elaborations,1,35,3
15,Elaborations,1,31,3
15,Elaborations,1,32,2
15,Elaborations,1,33,2
15,Elaborations,1,34,3
15,Elaborations,1,35,5
16,Elaborations,1,31,1
16,Elaborations,1,32,2
16,Elaborations,1,33,3
16,Elaborations,1,34,5
16,Elaborations,1,35,6
17,Elaborations,1,31,2
17,Elaborations,1,32,1
17,Elaborations,1,33,1
17,Elaborations,1,34,3
17,Elaborations,1,35,1
18,Elaborations,1,31,4
18,Elaborations,1,32,2
18,Elaborations,1,33,1
18,Elaborations,1,34,1
18,Elaborations,1,35,1
19,Elaborations,1,31,2
19,Elaborations,1,32,4
19,Elaborations,1,33,2
19,Elaborations,1,34,5
19,Elaborations,1,35,3
20,Elaborations,1,31,6
20,Elaborations,1,32,1
20,Elaborations,1,33,1
20,Elaborations,1,34,1
20,Elaborations,1,35,6
21,Elaborations,1,31,1
21,Elaborations,1,32,1
21,Elaborations,1,33,1
21,Elaborations,1,34,1
21,Elaborations,1,35,1
22,Elaborations,1,31,1
22,Elaborations,1,32,2
22,Elaborations,1,33,2
22,Elaborations,1,34,2
22,Elaborations,1,35,2
1,topicsentences,0,36,1
1,topicsentences,0,37,2
1,topicsentences,0,38,2
1,topicsentences,0,39,2
1,topicsentences,0,40,4
2,topicsentences,0,36,1
2,topicsentences,0,37,3
2,topicsentences,0,38,2
2,topicsentences,0,39,2
2,topicsentences,0,40,3
3,topicsentences,0,36,5
3,topicsentences,0,37,2
3,topicsentences,0,38,6
3,topicsentences,0,39,3
3,topicsentences,0,40,3
4,topicsentences,0,36,3
4,topicsentences,0,37,3
4,topicsentences,0,38,4
4,topicsentences,0,39,5
4,topicsentences,0,40,5
5,topicsentences,0,36,1
5,topicsentences,0,37,1
5,topicsentences,0,38,1
5,topicsentences,0,39,4
5,topicsentences,0,40,3
6,topicsentences,0,36,2
6,topicsentences,0,37,1
6,topicsentences,0,38,2
6,topicsentences,0,39,3
6,topicsentences,0,40,3
7,topicsentences,0,36,6
7,topicsentences,0,37,6
7,topicsentences,0,38,5
7,topicsentences,0,39,1
7,topicsentences,0,40,6
8,topicsentences,0,36,4
8,topicsentences,0,37,3
8,topicsentences,0,38,4
8,topicsentences,0,39,4
8,topicsentences,0,40,4
9,topicsentences,0,36,2
9,topicsentences,0,37,2
9,topicsentences,0,38,5
9,topicsentences,0,39,4
9,topicsentences,0,40,1
10,topicsentences,0,36,2
10,topicsentences,0,37,1
10,topicsentences,0,38,2
10,topicsentences,0,39,6
10,topicsentences,0,40,6
11,topicsentences,0,36,3
11,topicsentences,0,37,3
11,topicsentences,0,38,5
11,topicsentences,0,39,4
11,topicsentences,0,40,3
12,topicsentences,0,36,1
12,topicsentences,0,37,3
12,topicsentences,0,38,1
12,topicsentences,0,39,4
12,topicsentences,0,40,3
13,topicsentences,0,36,4
13,topicsentences,0,37,3
13,topicsentences,0,38,3
13,topicsentences,0,39,3
13,topicsentences,0,40,3
14,topicsentences,0,36,1
14,topicsentences,0,37,2
14,topicsentences,0,38,2
14,topicsentences,0,39,2
14,topicsentences,0,40,4
15,topicsentences,0,36,2
15,topicsentences,0,37,3
15,topicsentences,0,38,1
15,topicsentences,0,39,1
15,topicsentences,0,40,5
16,topicsentences,0,36,1
16,topicsentences,0,37,4
16,topicsentences,0,38,3
16,topicsentences,0,39,6
16,topicsentences,0,40,5
17,topicsentences,0,36,5
17,topicsentences,0,37,2
17,topicsentences,0,38,4
17,topicsentences,0,39,4
17,topicsentences,0,40,6
18,topicsentences,0,36,1
18,topicsentences,0,37,6
18,topicsentences,0,38,1
18,topicsentences,0,39,4
18,topicsentences,0,40,5
19,topicsentences,0,36,3
19,topicsentences,0,37,4
19,topicsentences,0,38,1
19,topicsentences,0,39,4
19,topicsentences,0,40,6
20,topicsentences,0,36,6
20,topicsentences,0,37,1
20,topicsentences,0,38,1
20,topicsentences,0,39,4
20,topicsentences,0,40,4
21,topicsentences,0,36,5
21,topicsentences,0,37,3
21,topicsentences,0,38,1
21,topicsentences,0,39,1
21,topicsentences,0,40,3
22,topicsentences,0,36,1
22,topicsentences,0,37,3
22,topicsentences,0,38,4
22,topicsentences,0,39,2
22,topicsentences,0,40,5
1,topicsentences,1,36,4
1,topicsentences,1,37,4
1,topicsentences,1,38,1
1,topicsentences,1,39,4
1,topicsentences,1,40,3
2,topicsentences,1,36,3
2,topicsentences,1,37,3
2,topicsentences,1,38,5
2,topicsentences,1,39,4
2,topicsentences,1,40,3
3,topicsentences,1,36,2
3,topicsentences,1,37,4
3,topicsentences,1,38,1
3,topicsentences,1,39,4
3,topicsentences,1,40,5
4,topicsentences,1,36,3
4,topicsentences,1,37,3
4,topicsentences,1,38,2
4,topicsentences,1,39,3
4,topicsentences,1,40,5
5,topicsentences,1,36,3
5,topicsentences,1,37,4
5,topicsentences,1,38,3
5,topicsentences,1,39,1
5,topicsentences,1,40,4
6,topicsentences,1,36,1
6,topicsentences,1,37,2
6,topicsentences,1,38,1
6,topicsentences,1,39,1
6,topicsentences,1,40,2
7,topicsentences,1,36,4
7,topicsentences,1,37,5
7,topicsentences,1,38,6
7,topicsentences,1,39,6
7,topicsentences,1,40,3
8,topicsentences,1,36,4
8,topicsentences,1,37,4
8,topicsentences,1,38,4
8,topicsentences,1,39,3
8,topicsentences,1,40,5
9,topicsentences,1,36,3
9,topicsentences,1,37,4
9,topicsentences,1,38,3
9,topicsentences,1,39,2
9,topicsentences,1,40,4
10,topicsentences,1,36,1
10,topicsentences,1,37,6
10,topicsentences,1,38,3
10,topicsentences,1,39,2
10,topicsentences,1,40,5
11,topicsentences,1,36,3
11,topicsentences,1,37,5
11,topicsentences,1,38,4
11,topicsentences,1,39,2
11,topicsentences,1,40,6
12,topicsentences,1,36,4
12,topicsentences,1,37,3
12,topicsentences,1,38,1
12,topicsentences,1,39,3
12,topicsentences,1,40,1
13,topicsentences,1,36,4
13,topicsentences,1,37,4
13,topicsentences,1,38,4
13,topicsentences,1,39,4
13,topicsentences,1,40,3
14,topicsentences,1,36,1
14,topicsentences,1,37,1
14,topicsentences,1,38,1
14,topicsentences,1,39,1
14,topicsentences,1,40,4
15,topicsentences,1,36,3
15,topicsentences,1,37,2
15,topicsentences,1,38,6
15,topicsentences,1,39,6
15,topicsentences,1,40,4
16,topicsentences,1,36,6
16,topicsentences,1,37,5
16,topicsentences,1,38,3
16,topicsentences,1,39,5
16,topicsentences,1,40,5
17,topicsentences,1,36,1
17,topicsentences,1,37,1
17,topicsentences,1,38,2
17,topicsentences,1,39,1
17,topicsentences,1,40,2
18,topicsentences,1,36,1
18,topicsentences,1,37,3
18,topicsentences,1,38,2
18,topicsentences,1,39,2
18,topicsentences,1,40,4
19,topicsentences,1,36,5
19,topicsentences,1,37,3
19,topicsentences,1,38,6
19,topicsentences,1,39,3
19,topicsentences,1,40,3
20,topicsentences,1,36,5
20,topicsentences,1,37,1
20,topicsentences,1,38,5
20,topicsentences,1,39,3
20,topicsentences,1,40,3
21,topicsentences,1,36,4
21,topicsentences,1,37,5
21,topicsentences,1,38,2
21,topicsentences,1,39,2
21,topicsentences,1,40,4
22,topicsentences,1,36,6
22,topicsentences,1,37,1
22,topicsentences,1,38,1
22,topicsentences,1,39,1
22,topicsentences,1,40,4
1,ComplexConclusions,0,41,1
1,ComplexConclusions,0,42,2
1,ComplexConclusions,0,43,6
1,ComplexConclusions,0,44,6
1,ComplexConclusions,0,45,3
2,ComplexConclusions,0,41,1
2,ComplexConclusions,0,42,2
2,ComplexConclusions,0,43,5
2,ComplexConclusions,0,44,4
2,ComplexConclusions,0,45,5
3,ComplexConclusions,0,41,6
3,ComplexConclusions,0,42,1
3,ComplexConclusions,0,43,5
3,ComplexConclusions,0,44,6
3,ComplexConclusions,0,45,6
4,ComplexConclusions,0,41,6
4,ComplexConclusions,0,42,3
4,ComplexConclusions,0,43,6
4,ComplexConclusions,0,44,4
4,ComplexConclusions,0,45,5
5,ComplexConclusions,0,41,3
5,ComplexConclusions,0,42,1
5,ComplexConclusions,0,43,3
5,ComplexConclusions,0,44,5
5,ComplexConclusions,0,45,5
6,ComplexConclusions,0,41,3
6,ComplexConclusions,0,42,1
6,ComplexConclusions,0,43,5
6,ComplexConclusions,0,44,5
6,ComplexConclusions,0,45,6
7,ComplexConclusions,0,41,5
7,ComplexConclusions,0,42,2
7,ComplexConclusions,0,43,5
7,ComplexConclusions,0,44,4
7,ComplexConclusions,0,45,3
8,ComplexConclusions,0,41,4
8,ComplexConclusions,0,42,5
8,ComplexConclusions,0,43,5
8,ComplexConclusions,0,44,6
8,ComplexConclusions,0,45,6
9,ComplexConclusions,0,41,6
9,ComplexConclusions,0,42,1
9,ComplexConclusions,0,43,5
9,ComplexConclusions,0,44,5
9,ComplexConclusions,0,45,4
10,ComplexConclusions,0,41,5
10,ComplexConclusions,0,42,3
10,ComplexConclusions,0,43,5
10,ComplexConclusions,0,44,3
10,ComplexConclusions,0,45,6
11,ComplexConclusions,0,41,3
11,ComplexConclusions,0,42,2
11,ComplexConclusions,0,43,3
11,ComplexConclusions,0,44,5
11,ComplexConclusions,0,45,5
12,ComplexConclusions,0,41,4
12,ComplexConclusions,0,42,3
12,ComplexConclusions,0,43,6
12,ComplexConclusions,0,44,1
12,ComplexConclusions,0,45,4
13,ComplexConclusions,0,41,4
13,ComplexConclusions,0,42,4
13,ComplexConclusions,0,43,2
13,ComplexConclusions,0,44,3
13,ComplexConclusions,0,45,3
14,ComplexConclusions,0,41,6
14,ComplexConclusions,0,42,3
14,ComplexConclusions,0,43,4
14,ComplexConclusions,0,44,6
14,ComplexConclusions,0,45,5
15,ComplexConclusions,0,41,6
15,ComplexConclusions,0,42,5
15,ComplexConclusions,0,43,4
15,ComplexConclusions,0,44,6
15,ComplexConclusions,0,45,6
16,ComplexConclusions,0,41,2
16,ComplexConclusions,0,42,5
16,ComplexConclusions,0,43,3
16,ComplexConclusions,0,44,5
16,ComplexConclusions,0,45,5
17,ComplexConclusions,0,41,4
17,ComplexConclusions,0,42,6
17,ComplexConclusions,0,43,6
17,ComplexConclusions,0,44,3
17,ComplexConclusions,0,45,6
18,ComplexConclusions,0,41,4
18,ComplexConclusions,0,42,1
18,ComplexConclusions,0,43,3
18,ComplexConclusions,0,44,3
18,ComplexConclusions,0,45,5
19,ComplexConclusions,0,41,6
19,ComplexConclusions,0,42,6
19,ComplexConclusions,0,43,6
19,ComplexConclusions,0,44,6
19,ComplexConclusions,0,45,5
20,ComplexConclusions,0,41,1
20,ComplexConclusions,0,42,1
20,ComplexConclusions,0,43,6
20,ComplexConclusions,0,44,6
20,ComplexConclusions,0,45,6
21,ComplexConclusions,0,41,4
21,ComplexConclusions,0,42,4
21,ComplexConclusions,0,43,6
21,ComplexConclusions,0,44,1
21,ComplexConclusions,0,45,5
22,ComplexConclusions,0,41,4
22,ComplexConclusions,0,42,6
22,ComplexConclusions,0,43,5
22,ComplexConclusions,0,44,3
22,ComplexConclusions,0,45,6
1,ComplexConclusions,1,41,6
1,ComplexConclusions,1,42,3
1,ComplexConclusions,1,43,3
1,ComplexConclusions,1,44,4
1,ComplexConclusions,1,45,4
2,ComplexConclusions,1,41,5
2,ComplexConclusions,1,42,6
2,ComplexConclusions,1,43,5
2,ComplexConclusions,1,44,2
2,ComplexConclusions,1,45,6
3,ComplexConclusions,1,41,6
3,ComplexConclusions,1,42,6
3,ComplexConclusions,1,43,6
3,ComplexConclusions,1,44,3
3,ComplexConclusions,1,45,6
4,ComplexConclusions,1,41,5
4,ComplexConclusions,1,42,4
4,ComplexConclusions,1,43,6
4,ComplexConclusions,1,44,4
4,ComplexConclusions,1,45,6
5,ComplexConclusions,1,41,2
5,ComplexConclusions,1,42,3
5,ComplexConclusions,1,43,3
5,ComplexConclusions,1,44,5
5,ComplexConclusions,1,45,3
6,ComplexConclusions,1,41,2
6,ComplexConclusions,1,42,4
6,ComplexConclusions,1,43,4
6,ComplexConclusions,1,44,2
6,ComplexConclusions,1,45,4
7,ComplexConclusions,1,41,4
7,ComplexConclusions,1,42,5
7,ComplexConclusions,1,43,2
7,ComplexConclusions,1,44,5
7,ComplexConclusions,1,45,6
8,ComplexConclusions,1,41,5
8,ComplexConclusions,1,42,6
8,ComplexConclusions,1,43,6
8,ComplexConclusions,1,44,2
8,ComplexConclusions,1,45,5
9,ComplexConclusions,1,41,4
9,ComplexConclusions,1,42,5
9,ComplexConclusions,1,43,4
9,ComplexConclusions,1,44,5
9,ComplexConclusions,1,45,5
10,ComplexConclusions,1,41,6
10,ComplexConclusions,1,42,6
10,ComplexConclusions,1,43,6
10,ComplexConclusions,1,44,6
10,ComplexConclusions,1,45,6
11,ComplexConclusions,1,41,6
11,ComplexConclusions,1,42,5
11,ComplexConclusions,1,43,5
11,ComplexConclusions,1,44,6
11,ComplexConclusions,1,45,6
12,ComplexConclusions,1,41,3
12,ComplexConclusions,1,42,1
12,ComplexConclusions,1,43,4
12,ComplexConclusions,1,44,5
12,ComplexConclusions,1,45,4
13,ComplexConclusions,1,41,4
13,ComplexConclusions,1,42,3
13,ComplexConclusions,1,43,3
13,ComplexConclusions,1,44,3
13,ComplexConclusions,1,45,3
14,ComplexConclusions,1,41,2
14,ComplexConclusions,1,42,1
14,ComplexConclusions,1,43,5
14,ComplexConclusions,1,44,2
14,ComplexConclusions,1,45,5
15,ComplexConclusions,1,41,4
15,ComplexConclusions,1,42,4
15,ComplexConclusions,1,43,4
15,ComplexConclusions,1,44,6
15,ComplexConclusions,1,45,6
16,ComplexConclusions,1,41,3
16,ComplexConclusions,1,42,4
16,ComplexConclusions,1,43,5
16,ComplexConclusions,1,44,6
16,ComplexConclusions,1,45,5
17,ComplexConclusions,1,41,1
17,ComplexConclusions,1,42,3
17,ComplexConclusions,1,43,4
17,ComplexConclusions,1,44,6
17,ComplexConclusions,1,45,5
18,ComplexConclusions,1,41,4
18,ComplexConclusions,1,42,2
18,ComplexConclusions,1,43,6
18,ComplexConclusions,1,44,5
18,ComplexConclusions,1,45,6
19,ComplexConclusions,1,41,5
19,ComplexConclusions,1,42,3
19,ComplexConclusions,1,43,1
19,ComplexConclusions,1,44,2
19,ComplexConclusions,1,45,4
20,ComplexConclusions,1,41,6
20,ComplexConclusions,1,42,6
20,ComplexConclusions,1,43,6
20,ComplexConclusions,1,44,1
20,ComplexConclusions,1,45,6
21,ComplexConclusions,1,41,5
21,ComplexConclusions,1,42,1
21,ComplexConclusions,1,43,6
21,ComplexConclusions,1,44,6
21,ComplexConclusions,1,45,5
22,ComplexConclusions,1,41,1
22,ComplexConclusions,1,42,1
22,ComplexConclusions,1,43,5
22,ComplexConclusions,1,44,6
22,ComplexConclusions,1,45,6
1,SimpleConclusions,0,46,4
1,SimpleConclusions,0,47,4
1,SimpleConclusions,0,48,5
1,SimpleConclusions,0,49,5
1,SimpleConclusions,0,50,4
2,SimpleConclusions,0,46,3
2,SimpleConclusions,0,47,2
2,SimpleConclusions,0,48,3
2,SimpleConclusions,0,49,3
2,SimpleConclusions,0,50,2
3,SimpleConclusions,0,46,5
3,SimpleConclusions,0,47,6
3,SimpleConclusions,0,48,6
3,SimpleConclusions,0,49,6
3,SimpleConclusions,0,50,2
4,SimpleConclusions,0,46,4
4,SimpleConclusions,0,47,4
4,SimpleConclusions,0,48,3
4,SimpleConclusions,0,49,4
4,SimpleConclusions,0,50,4
5,SimpleConclusions,0,46,3
5,SimpleConclusions,0,47,3
5,SimpleConclusions,0,48,4
5,SimpleConclusions,0,49,2
5,SimpleConclusions,0,50,1
6,SimpleConclusions,0,46,4
6,SimpleConclusions,0,47,1
6,SimpleConclusions,0,48,3
6,SimpleConclusions,0,49,4
6,SimpleConclusions,0,50,3
7,SimpleConclusions,0,46,5
7,SimpleConclusions,0,47,2
7,SimpleConclusions,0,48,5
7,SimpleConclusions,0,49,2
7,SimpleConclusions,0,50,6
8,SimpleConclusions,0,46,5
8,SimpleConclusions,0,47,5
8,SimpleConclusions,0,48,2
8,SimpleConclusions,0,49,6
8,SimpleConclusions,0,50,5
9,SimpleConclusions,0,46,1
9,SimpleConclusions,0,47,5
9,SimpleConclusions,0,48,6
9,SimpleConclusions,0,49,6
9,SimpleConclusions,0,50,5
10,SimpleConclusions,0,46,3
10,SimpleConclusions,0,47,2
10,SimpleConclusions,0,48,2
10,SimpleConclusions,0,49,5
10,SimpleConclusions,0,50,4
11,SimpleConclusions,0,46,5
11,SimpleConclusions,0,47,4
11,SimpleConclusions,0,48,4
11,SimpleConclusions,0,49,6
11,SimpleConclusions,0,50,6
12,SimpleConclusions,0,46,3
12,SimpleConclusions,0,47,3
12,SimpleConclusions,0,48,1
12,SimpleConclusions,0,49,2
12,SimpleConclusions,0,50,6
13,SimpleConclusions,0,46,3
13,SimpleConclusions,0,47,3
13,SimpleConclusions,0,48,3
13,SimpleConclusions,0,49,4
13,SimpleConclusions,0,50,3
14,SimpleConclusions,0,46,3
14,SimpleConclusions,0,47,5
14,SimpleConclusions,0,48,3
14,SimpleConclusions,0,49,4
14,SimpleConclusions,0,50,5
15,SimpleConclusions,0,46,5
15,SimpleConclusions,0,47,5
15,SimpleConclusions,0,48,3
15,SimpleConclusions,0,49,5
15,SimpleConclusions,0,50,6
16,SimpleConclusions,0,46,4
16,SimpleConclusions,0,47,1
16,SimpleConclusions,0,48,4
16,SimpleConclusions,0,49,2
16,SimpleConclusions,0,50,4
17,SimpleConclusions,0,46,5
17,SimpleConclusions,0,47,4
17,SimpleConclusions,0,48,6
17,SimpleConclusions,0,49,5
17,SimpleConclusions,0,50,6
18,SimpleConclusions,0,46,2
18,SimpleConclusions,0,47,3
18,SimpleConclusions,0,48,1
18,SimpleConclusions,0,49,6
18,SimpleConclusions,0,50,3
19,SimpleConclusions,0,46,6
19,SimpleConclusions,0,47,5
19,SimpleConclusions,0,48,6
19,SimpleConclusions,0,49,4
19,SimpleConclusions,0,50,6
20,SimpleConclusions,0,46,6
20,SimpleConclusions,0,47,5
20,SimpleConclusions,0,48,6
20,SimpleConclusions,0,49,6
20,SimpleConclusions,0,50,1
21,SimpleConclusions,0,46,1
21,SimpleConclusions,0,47,3
21,SimpleConclusions,0,48,2
21,SimpleConclusions,0,49,4
21,SimpleConclusions,0,50,6
22,SimpleConclusions,0,46,6
22,SimpleConclusions,0,47,6
22,SimpleConclusions,0,48,5
22,SimpleConclusions,0,49,5
22,SimpleConclusions,0,50,6
1,SimpleConclusions,1,46,3
1,SimpleConclusions,1,47,3
1,SimpleConclusions,1,48,4
1,SimpleConclusions,1,49,3
1,SimpleConclusions,1,50,4
2,SimpleConclusions,1,46,6
2,SimpleConclusions,1,47,6
2,SimpleConclusions,1,48,3
2,SimpleConclusions,1,49,2
2,SimpleConclusions,1,50,6
3,SimpleConclusions,1,46,5
3,SimpleConclusions,1,47,3
3,SimpleConclusions,1,48,4
3,SimpleConclusions,1,49,5
3,SimpleConclusions,1,50,6
4,SimpleConclusions,1,46,4
4,SimpleConclusions,1,47,4
4,SimpleConclusions,1,48,4
4,SimpleConclusions,1,49,3
4,SimpleConclusions,1,50,4
5,SimpleConclusions,1,46,1
5,SimpleConclusions,1,47,2
5,SimpleConclusions,1,48,2
5,SimpleConclusions,1,49,4
5,SimpleConclusions,1,50,2
6,SimpleConclusions,1,46,4
6,SimpleConclusions,1,47,3
6,SimpleConclusions,1,48,2
6,SimpleConclusions,1,49,4
6,SimpleConclusions,1,50,4
7,SimpleConclusions,1,46,4
7,SimpleConclusions,1,47,3
7,SimpleConclusions,1,48,4
7,SimpleConclusions,1,49,6
7,SimpleConclusions,1,50,5
8,SimpleConclusions,1,46,6
8,SimpleConclusions,1,47,5
8,SimpleConclusions,1,48,5
8,SimpleConclusions,1,49,6
8,SimpleConclusions,1,50,6
9,SimpleConclusions,1,46,5
9,SimpleConclusions,1,47,4
9,SimpleConclusions,1,48,3
9,SimpleConclusions,1,49,3
9,SimpleConclusions,1,50,5
10,SimpleConclusions,1,46,6
10,SimpleConclusions,1,47,5
10,SimpleConclusions,1,48,1
10,SimpleConclusions,1,49,6
10,SimpleConclusions,1,50,6
11,SimpleConclusions,1,46,6
11,SimpleConclusions,1,47,6
11,SimpleConclusions,1,48,4
11,SimpleConclusions,1,49,5
11,SimpleConclusions,1,50,6
12,SimpleConclusions,1,46,1
12,SimpleConclusions,1,47,4
12,SimpleConclusions,1,48,2
12,SimpleConclusions,1,49,1
12,SimpleConclusions,1,50,2
13,SimpleConclusions,1,46,4
13,SimpleConclusions,1,47,3
13,SimpleConclusions,1,48,3
13,SimpleConclusions,1,49,3
13,SimpleConclusions,1,50,4
14,SimpleConclusions,1,46,5
14,SimpleConclusions,1,47,2
14,SimpleConclusions,1,48,5
14,SimpleConclusions,1,49,5
14,SimpleConclusions,1,50,5
15,SimpleConclusions,1,46,6
15,SimpleConclusions,1,47,6
15,SimpleConclusions,1,48,6
15,SimpleConclusions,1,49,6
15,SimpleConclusions,1,50,6
16,SimpleConclusions,1,46,6
16,SimpleConclusions,1,47,6
16,SimpleConclusions,1,48,5
16,SimpleConclusions,1,49,6
16,SimpleConclusions,1,50,6
17,SimpleConclusions,1,46,5
17,SimpleConclusions,1,47,2
17,SimpleConclusions,1,48,2
17,SimpleConclusions,1,49,4
17,SimpleConclusions,1,50,5
18,SimpleConclusions,1,46,4
18,SimpleConclusions,1,47,3
18,SimpleConclusions,1,48,2
18,SimpleConclusions,1,49,5
18,SimpleConclusions,1,50,4
19,SimpleConclusions,1,46,4
19,SimpleConclusions,1,47,3
19,SimpleConclusions,1,48,2
19,SimpleConclusions,1,49,5
19,SimpleConclusions,1,50,4
20,SimpleConclusions,1,46,6
20,SimpleConclusions,1,47,6
20,SimpleConclusions,1,48,6
20,SimpleConclusions,1,49,3
20,SimpleConclusions,1,50,6
21,SimpleConclusions,1,46,6
21,SimpleConclusions,1,47,6
21,SimpleConclusions,1,48,5
21,SimpleConclusions,1,49,6
21,SimpleConclusions,1,50,6
22,SimpleConclusions,1,46,6
22,SimpleConclusions,1,47,5
22,SimpleConclusions,1,48,6
22,SimpleConclusions,1,49,6
22,SimpleConclusions,1,50,6